<?xml version = '1.0' encoding = 'UTF-8'?>
<FKIndexAssociation class="oracle.dbtools.crest.model.design.relational.FKIndexAssociation" directorySegmentName="seg_0" id="99E551B9-D54A-936D-6EA5-56E200C0655E" containerWithKeyObject="8F3C9C0F-F596-CA6E-6AFE-589F8562C380" localFKIndex="2DC32614-0C4A-B54B-A602-8AFC576B1B69" name="tranzactions_наименование_организации_FK">
<createdBy>Alex</createdBy>
<createdTime>2022-08-28 13:05:37 UTC</createdTime>
<generatorID>F29D69D4-A674-05B4-D18A-8B5C3850D1C9</generatorID>
<ownerDesignName>БД_1</ownerDesignName>
<referredTableLongName>наименование_организации</referredTableLongName>
<deleteRule>NO ACTION</deleteRule>
<referredTableID>B39513D9-B70F-8B1F-7EEA-35B4ADFA938B</referredTableID>
<keyObject>B5E06842-6E29-7FF8-0960-7E67F9F4C4ED</keyObject>
<referredKeyID>B5E06842-6E29-7FF8-0960-7E67F9F4C4ED</referredKeyID>
<mandatory>true</mandatory>
<refColNames>id</refColNames>
<transferable>true</transferable>
<rely>false</rely>
<columnDependencyConstraintGenerateInDDL>true</columnDependencyConstraintGenerateInDDL>
</FKIndexAssociation>