<?xml version = '1.0' encoding = 'UTF-8'?>
<FKIndexAssociation class="oracle.dbtools.crest.model.design.relational.FKIndexAssociation" directorySegmentName="seg_0" id="A382A42E-40BD-8422-2BAD-E6C4FD496089" containerWithKeyObject="8F3C9C0F-F596-CA6E-6AFE-589F8562C380" localFKIndex="72851B73-4250-79E1-DE4E-50C9E66DFCEA" name="tranzactions_информация_о_ключах_FK">
<createdBy>Alex</createdBy>
<createdTime>2022-08-28 13:05:38 UTC</createdTime>
<generatorID>C7748274-C6A9-02A6-E639-F9B20C529BAF</generatorID>
<ownerDesignName>БД_1</ownerDesignName>
<referredTableLongName>информация_о_ключах</referredTableLongName>
<deleteRule>NO ACTION</deleteRule>
<referredTableID>7C463B1F-9D1B-0B81-BB00-2D17B25AD34D</referredTableID>
<keyObject>B52C51AC-6FD1-E60E-1A50-1B95FAAC0792</keyObject>
<referredKeyID>B52C51AC-6FD1-E60E-1A50-1B95FAAC0792</referredKeyID>
<mandatory>true</mandatory>
<refColNames>id1</refColNames>
<transferable>true</transferable>
<rely>false</rely>
<columnDependencyConstraintGenerateInDDL>true</columnDependencyConstraintGenerateInDDL>
</FKIndexAssociation>