<?xml version = '1.0' encoding = 'UTF-8'?>
<Diagram class="oracle.dbtools.crest.swingui.relational.DPVRelational" name="Relational_1" id="3401055C-8463-8A99-CDE1-067D5DE7173C">
<createdBy>Alex</createdBy>
<modifiedBy>Alex</modifiedBy>
<createdTime>2022-08-28 10:55:11 UTC</createdTime>
<autoRoute>false</autoRoute>
<boxInbox>true</boxInbox>
<showLegend>false</showLegend>
<showLabels>false</showLabels>
<showRelAttributes>false</showRelAttributes>
<gridEnabled>false</gridEnabled>
<showGrid>false</showGrid>
<diagramColor>-1</diagramColor>
<display>false</display>
<notation>1</notation>
<objectViews>
<OView class="oracle.dbtools.crest.swingui.relational.TVTable" oid="7C463B1F-9D1B-0B81-BB00-2D17B25AD34D" otype="Table" vid="09F7D5E3-8EC7-A58A-E6C9-4653471E439A">
<hideElementsInCurrentOnly>false</hideElementsInCurrentOnly>
<bounds x="426" y="27" width="328" height="148"/>
</OView>
<OView class="oracle.dbtools.crest.swingui.relational.TVTable" oid="8F3C9C0F-F596-CA6E-6AFE-589F8562C380" otype="Table" vid="DE66BDA5-464A-FCB5-3806-AAE12547348A">
<hideElementsInCurrentOnly>false</hideElementsInCurrentOnly>
<bounds x="246" y="194" width="424" height="209"/>
</OView>
<OView class="oracle.dbtools.crest.swingui.relational.TVTable" oid="B39513D9-B70F-8B1F-7EEA-35B4ADFA938B" otype="Table" vid="26119E4A-A0EC-5610-DEDA-6D480D70E224">
<hideElementsInCurrentOnly>false</hideElementsInCurrentOnly>
<bounds x="32" y="37" width="255" height="74"/>
</OView>
</objectViews>
<connectors>
<Connector class="oracle.dbtools.crest.swingui.relational.TVFKRelation" oid="99E551B9-D54A-936D-6EA5-56E200C0655E" otype="FKIndexAssociation" vid_source="26119E4A-A0EC-5610-DEDA-6D480D70E224" vid_target="DE66BDA5-464A-FCB5-3806-AAE12547348A">
<hideElementsInCurrentOnly>false</hideElementsInCurrentOnly>
<backgroundColor>-16777216</backgroundColor>
<lineWidth>1</lineWidth>
<points>
<point x="266" y="111"/>
<point x="266" y="194"/>
</points>
</Connector>
<Connector class="oracle.dbtools.crest.swingui.relational.TVFKRelation" oid="A382A42E-40BD-8422-2BAD-E6C4FD496089" otype="FKIndexAssociation" vid_source="09F7D5E3-8EC7-A58A-E6C9-4653471E439A" vid_target="DE66BDA5-464A-FCB5-3806-AAE12547348A">
<hideElementsInCurrentOnly>false</hideElementsInCurrentOnly>
<backgroundColor>-16777216</backgroundColor>
<lineWidth>1</lineWidth>
<points>
<point x="548" y="175"/>
<point x="548" y="194"/>
</points>
</Connector>
</connectors>
</Diagram>