<?xml version = '1.0' encoding = 'UTF-8'?>
<Table class="oracle.dbtools.crest.model.design.relational.Table" directorySegmentName="seg_0" id="7C463B1F-9D1B-0B81-BB00-2D17B25AD34D" name="информация_о_ключах">
<createdBy>Alex</createdBy>
<createdTime>2022-08-28 13:05:37 UTC</createdTime>
<generatorID>85944066-0EEA-8F4C-FDA7-2111AB550550</generatorID>
<ownerDesignName>БД_1</ownerDesignName>
<allowColumnReorder>false</allowColumnReorder>
<existDependencyGenerateInDDl>true</existDependencyGenerateInDDl>
<parsed>true</parsed>
<columns itemClass="oracle.dbtools.crest.model.design.relational.Column">
<Column name="id1" id="A5B9219F-99E5-342A-89FF-957CAF003E01">
<createdBy>Alex</createdBy>
<createdTime>2022-08-28 13:05:37 UTC</createdTime>
<generatorID>FD3FC8C5-F148-D326-44AE-87D9690000E1</generatorID>
<ownerDesignName>БД_1</ownerDesignName>
<useDomainConstraints>false</useDomainConstraints>
<use>1</use>
<logicalDatatype>LOGDT027</logicalDatatype>
<ownDataTypeParameters>,,</ownDataTypeParameters>
<autoIncrementCycle>false</autoIncrementCycle>
</Column>
<Column name="key" id="66FB8716-5582-A934-8AE8-FF1EEE45591A">
<createdBy>Alex</createdBy>
<createdTime>2022-08-28 13:05:37 UTC</createdTime>
<generatorID>FDEFCB93-8298-01BD-81B1-54BB796E3470</generatorID>
<ownerDesignName>БД_1</ownerDesignName>
<useDomainConstraints>false</useDomainConstraints>
<use>1</use>
<logicalDatatype>LOGDT027</logicalDatatype>
<ownDataTypeParameters>,,</ownDataTypeParameters>
<autoIncrementCycle>false</autoIncrementCycle>
</Column>
<Column name="date_start" id="3BDD8663-C509-7866-B79F-8A5089F95F2B">
<createdBy>Alex</createdBy>
<createdTime>2022-08-28 13:05:37 UTC</createdTime>
<comment>- дата начала действия</comment>
<generatorID>2217DC67-5169-55C0-1159-D5B6274E0416</generatorID>
<ownerDesignName>БД_1</ownerDesignName>
<useDomainConstraints>false</useDomainConstraints>
<use>1</use>
<logicalDatatype>LOGDT008</logicalDatatype>
<ownDataTypeParameters>,,</ownDataTypeParameters>
<autoIncrementCycle>false</autoIncrementCycle>
</Column>
<Column name="date_finish" id="4D6EF0D6-9190-EAC0-453A-DAD67B8D99E2">
<createdBy>Alex</createdBy>
<createdTime>2022-08-28 13:05:37 UTC</createdTime>
<comment>- дата окончания  действия</comment>
<generatorID>F2818BEF-F9AB-A44C-5A93-996A42E48C8F</generatorID>
<ownerDesignName>БД_1</ownerDesignName>
<useDomainConstraints>false</useDomainConstraints>
<use>1</use>
<logicalDatatype>LOGDT008</logicalDatatype>
<ownDataTypeParameters>,,</ownDataTypeParameters>
<autoIncrementCycle>false</autoIncrementCycle>
</Column>
<Column name="ide_organization" id="1B58AEE8-686E-E15E-55B7-B5B852BB9C71">
<createdBy>Alex</createdBy>
<createdTime>2022-08-28 13:05:37 UTC</createdTime>
<generatorID>5590D6DE-BB56-FABE-E2B7-9363C36841B0</generatorID>
<ownerDesignName>БД_1</ownerDesignName>
<useDomainConstraints>false</useDomainConstraints>
<use>1</use>
<logicalDatatype>LOGDT027</logicalDatatype>
<ownDataTypeParameters>,,</ownDataTypeParameters>
<autoIncrementCycle>false</autoIncrementCycle>
</Column>
<Column name="indication_bloking" id="59E2DB8F-31DD-FB11-FAB4-8A766500E130">
<createdBy>Alex</createdBy>
<createdTime>2022-08-28 13:05:37 UTC</createdTime>
<generatorID>77D7B8C9-6276-F901-F5E6-E14307983CBE</generatorID>
<ownerDesignName>БД_1</ownerDesignName>
<useDomainConstraints>false</useDomainConstraints>
<use>1</use>
<logicalDatatype>LOGDT027</logicalDatatype>
<ownDataTypeParameters>,,</ownDataTypeParameters>
<autoIncrementCycle>false</autoIncrementCycle>
</Column>
</columns>
<indexes itemClass="oracle.dbtools.crest.model.design.relational.Index">
<ind_PK_UK id="B52C51AC-6FD1-E60E-1A50-1B95FAAC0792" name="информация_о_ключах_PK">
<createdBy>Alex</createdBy>
<createdTime>2022-08-28 13:05:37 UTC</createdTime>
<generatorID>D628FDF0-9389-AD0B-C8A3-BE85179A7164</generatorID>
<ownerDesignName>БД_1</ownerDesignName>
<pk>true</pk>
<indexState>Primary Constraint</indexState>
<isSurrogateKey>false</isSurrogateKey>
<indexColumnUsage>
<colUsage columnID="A5B9219F-99E5-342A-89FF-957CAF003E01"/>
</indexColumnUsage>
</ind_PK_UK>
</indexes>
</Table>