<?xml version = '1.0' encoding = 'UTF-8'?>
<Table class="oracle.dbtools.crest.model.design.relational.Table" directorySegmentName="seg_0" id="8F3C9C0F-F596-CA6E-6AFE-589F8562C380" name="tranzactions">
<createdBy>Alex</createdBy>
<createdTime>2022-08-28 13:05:37 UTC</createdTime>
<generatorID>1D2EC817-7CB9-33C0-C6AB-103276C7AC1C</generatorID>
<ownerDesignName>БД_1</ownerDesignName>
<allowColumnReorder>false</allowColumnReorder>
<existDependencyGenerateInDDl>true</existDependencyGenerateInDDl>
<parsed>true</parsed>
<columns itemClass="oracle.dbtools.crest.model.design.relational.Column">
<Column name="id_tranzaction" id="4AEC5957-902D-B5DA-F697-3330C5A6ECEC">
<createdBy>Alex</createdBy>
<createdTime>2022-08-28 13:05:37 UTC</createdTime>
<generatorID>DCF51B72-B8FD-A35A-FD89-5FD81B6A90C4</generatorID>
<ownerDesignName>БД_1</ownerDesignName>
<useDomainConstraints>false</useDomainConstraints>
<use>1</use>
<logicalDatatype>LOGDT027</logicalDatatype>
<ownDataTypeParameters>,,</ownDataTypeParameters>
<autoIncrementCycle>false</autoIncrementCycle>
</Column>
<Column name="list_orginization" id="869586A9-37BF-31FE-B6A2-AEE4FB535E14">
<createdBy>Alex</createdBy>
<createdTime>2022-08-28 13:05:37 UTC</createdTime>
<generatorID>6794562F-6B8A-D23D-C6E9-67E9181FA36C</generatorID>
<ownerDesignName>БД_1</ownerDesignName>
<use>0</use>
<logicalDatatype>LOGDT027</logicalDatatype>
<domain>0DE20C15-41D7-74F9-24BE-78355657C53D</domain>
<ownDataTypeParameters>,,</ownDataTypeParameters>
<autoIncrementCycle>false</autoIncrementCycle>
</Column>
<Column name="list_keys" id="61C14743-6DD5-3E30-646D-FAA9FE89EA3E">
<createdBy>Alex</createdBy>
<createdTime>2022-08-28 13:05:37 UTC</createdTime>
<generatorID>DC2CE518-CF29-2128-3F7A-992E7BD28CCF</generatorID>
<ownerDesignName>БД_1</ownerDesignName>
<use>0</use>
<logicalDatatype>LOGDT027</logicalDatatype>
<domain>8C37B3FD-CD5C-9FC8-3B6D-A8F75FF22B91</domain>
<ownDataTypeParameters>,,</ownDataTypeParameters>
<autoIncrementCycle>false</autoIncrementCycle>
</Column>
<Column name="list_keys_for_organization" id="5844A757-3E07-2A11-F7A0-7C5D48DEC809">
<createdBy>Alex</createdBy>
<createdTime>2022-08-28 13:05:37 UTC</createdTime>
<generatorID>EF1D1BC7-62C0-586C-CF83-696372B2815F</generatorID>
<ownerDesignName>БД_1</ownerDesignName>
<use>0</use>
<logicalDatatype>LOGDT027</logicalDatatype>
<domain>0DE20C15-41D7-74F9-24BE-78355657C53D</domain>
<ownDataTypeParameters>,,</ownDataTypeParameters>
<autoIncrementCycle>false</autoIncrementCycle>
</Column>
<Column name="list_key" id="B8CD529D-9D7F-38A8-EA8E-EE3755906DF1">
<createdBy>Alex</createdBy>
<createdTime>2022-08-28 13:05:37 UTC</createdTime>
<generatorID>0A6C1F7F-7C20-9D51-2F70-BA9395126F56</generatorID>
<ownerDesignName>БД_1</ownerDesignName>
<use>0</use>
<logicalDatatype>LOGDT027</logicalDatatype>
<domain>6AA14A15-4279-6D91-D0BA-D9CC77E10C88</domain>
<ownDataTypeParameters>,,</ownDataTypeParameters>
<autoIncrementCycle>false</autoIncrementCycle>
</Column>
<Column name="наименование_организации_id" id="04016CED-182F-8F16-9AD7-EE890586726B">
<createdBy>Alex</createdBy>
<createdTime>2022-08-28 13:05:37 UTC</createdTime>
<generatorID>EB42C4E7-57F4-2675-4000-24F0E4EC5D57</generatorID>
<ownerDesignName>БД_1</ownerDesignName>
<useDomainConstraints>false</useDomainConstraints>
<use>1</use>
<logicalDatatype>LOGDT027</logicalDatatype>
<ownDataTypeParameters>,,</ownDataTypeParameters>
<previousColumn>false</previousColumn>
<autoIncrementCycle>false</autoIncrementCycle>
<associations>
<colAssociation fkAssociation="99E551B9-D54A-936D-6EA5-56E200C0655E" referredColumn="28B937DB-5176-76CE-664E-7FC4E1E3D0EA"/>
</associations>
</Column>
<Column name="информация_о_ключах_id1" id="AD962D2E-07FC-709E-7544-FEE184C4521B">
<createdBy>Alex</createdBy>
<createdTime>2022-08-28 13:05:37 UTC</createdTime>
<generatorID>FD111CCA-AC11-1A38-3175-6B93ABB05AF0</generatorID>
<ownerDesignName>БД_1</ownerDesignName>
<useDomainConstraints>false</useDomainConstraints>
<use>1</use>
<logicalDatatype>LOGDT027</logicalDatatype>
<ownDataTypeParameters>,,</ownDataTypeParameters>
<previousColumn>false</previousColumn>
<autoIncrementCycle>false</autoIncrementCycle>
<associations>
<colAssociation fkAssociation="A382A42E-40BD-8422-2BAD-E6C4FD496089" referredColumn="A5B9219F-99E5-342A-89FF-957CAF003E01"/>
</associations>
</Column>
</columns>
<indexes itemClass="oracle.dbtools.crest.model.design.relational.Index">
<ind_PK_UK id="4DF40ADA-2EDC-1081-BE86-6E76834E29D1" name="tranzactions_PK">
<createdBy>Alex</createdBy>
<createdTime>2022-08-28 13:05:37 UTC</createdTime>
<generatorID>7F3BE497-245B-40EB-AC83-8513A0F65FCF</generatorID>
<ownerDesignName>БД_1</ownerDesignName>
<pk>true</pk>
<indexState>Primary Constraint</indexState>
<isSurrogateKey>false</isSurrogateKey>
<indexColumnUsage>
<colUsage columnID="4AEC5957-902D-B5DA-F697-3330C5A6ECEC"/>
</indexColumnUsage>
</ind_PK_UK>
<ind_PK_UK id="2DC32614-0C4A-B54B-A602-8AFC576B1B69" name="tranzactions_наименование_организации_FK">
<createdBy>Alex</createdBy>
<createdTime>2022-08-28 13:05:37 UTC</createdTime>
<generatorID>F29D69D4-A674-05B4-D18A-8B5C3850D1C9</generatorID>
<ownerDesignName>БД_1</ownerDesignName>
<indexState>Foreign Key</indexState>
<isSurrogateKey>false</isSurrogateKey>
<indexColumnUsage>
<colUsage columnID="04016CED-182F-8F16-9AD7-EE890586726B"/>
</indexColumnUsage>
</ind_PK_UK>
<ind_PK_UK id="72851B73-4250-79E1-DE4E-50C9E66DFCEA" name="tranzactions_информация_о_ключах_FK">
<createdBy>Alex</createdBy>
<createdTime>2022-08-28 13:05:38 UTC</createdTime>
<generatorID>C7748274-C6A9-02A6-E639-F9B20C529BAF</generatorID>
<ownerDesignName>БД_1</ownerDesignName>
<indexState>Foreign Key</indexState>
<isSurrogateKey>false</isSurrogateKey>
<indexColumnUsage>
<colUsage columnID="AD962D2E-07FC-709E-7544-FEE184C4521B"/>
</indexColumnUsage>
</ind_PK_UK>
</indexes>
</Table>