<?xml version = '1.0' encoding = 'UTF-8'?>
<Table class="oracle.dbtools.crest.model.design.relational.Table" directorySegmentName="seg_0" id="B39513D9-B70F-8B1F-7EEA-35B4ADFA938B" name="наименование_организации">
<createdBy>Alex</createdBy>
<createdTime>2022-08-28 13:05:37 UTC</createdTime>
<generatorID>5DA9BC2E-47BD-8EB5-DE8F-6ED4AE89AC1D</generatorID>
<ownerDesignName>БД_1</ownerDesignName>
<allowColumnReorder>false</allowColumnReorder>
<existDependencyGenerateInDDl>true</existDependencyGenerateInDDl>
<parsed>true</parsed>
<columns itemClass="oracle.dbtools.crest.model.design.relational.Column">
<Column name="id" id="28B937DB-5176-76CE-664E-7FC4E1E3D0EA">
<createdBy>Alex</createdBy>
<createdTime>2022-08-28 13:05:37 UTC</createdTime>
<generatorID>0D20E87A-D084-7E7F-D8A5-5E3B846F29E2</generatorID>
<ownerDesignName>БД_1</ownerDesignName>
<useDomainConstraints>false</useDomainConstraints>
<use>1</use>
<logicalDatatype>LOGDT027</logicalDatatype>
<ownDataTypeParameters>,,</ownDataTypeParameters>
<autoIncrementCycle>false</autoIncrementCycle>
</Column>
<Column name="name_organization" id="68FDE4D3-CBF1-5FED-6D03-8D837443E388">
<createdBy>Alex</createdBy>
<createdTime>2022-08-28 13:05:37 UTC</createdTime>
<comment> - Наименование организации</comment>
<generatorID>A018FF31-24D6-2E11-C587-6765AEA218E0</generatorID>
<ownerDesignName>БД_1</ownerDesignName>
<useDomainConstraints>false</useDomainConstraints>
<use>1</use>
<logicalDatatype>LOGDT024</logicalDatatype>
<dataTypeSize>100</dataTypeSize>
<ownDataTypeParameters>100,,</ownDataTypeParameters>
<autoIncrementCycle>false</autoIncrementCycle>
</Column>
</columns>
<indexes itemClass="oracle.dbtools.crest.model.design.relational.Index">
<ind_PK_UK id="B5E06842-6E29-7FF8-0960-7E67F9F4C4ED" name="наименование_организации_PK">
<createdBy>Alex</createdBy>
<createdTime>2022-08-28 13:05:37 UTC</createdTime>
<generatorID>2AC87DB8-540D-EE2E-77E2-DA4AFA7CBA3D</generatorID>
<ownerDesignName>БД_1</ownerDesignName>
<pk>true</pk>
<indexState>Primary Constraint</indexState>
<isSurrogateKey>false</isSurrogateKey>
<indexColumnUsage>
<colUsage columnID="28B937DB-5176-76CE-664E-7FC4E1E3D0EA"/>
</indexColumnUsage>
</ind_PK_UK>
</indexes>
</Table>