<?xml version = '1.0' encoding = 'UTF-8'?>
<Diagram class="oracle.dbtools.crest.swingui.logical.DPVLogical" name="Logical" id="E0D396B3-2064-BEB4-AFEF-C5E396F0D005">
<createdBy>Alex</createdBy>
<modifiedBy>Alex</modifiedBy>
<createdTime>2022-08-28 10:55:11 UTC</createdTime>
<autoRoute>false</autoRoute>
<boxInbox>true</boxInbox>
<showLegend>false</showLegend>
<showLabels>false</showLabels>
<showRelAttributes>false</showRelAttributes>
<gridEnabled>false</gridEnabled>
<showGrid>false</showGrid>
<diagramColor>-1</diagramColor>
<display>false</display>
<notation>0</notation>
<showComments>true</showComments>
<objectViews>
<OView class="oracle.dbtools.crest.swingui.logical.TVEntity" oid="1D2EC817-7CB9-33C0-C6AB-103276C7AC1C" otype="Entity" vid="B3CEA217-B46F-84FF-DCC0-D66C4C3F34A1">
<hideElementsInCurrentOnly>false</hideElementsInCurrentOnly>
<bounds x="110" y="218" width="297" height="159"/>
</OView>
<OView class="oracle.dbtools.crest.swingui.logical.TVEntity" oid="5DA9BC2E-47BD-8EB5-DE8F-6ED4AE89AC1D" otype="Entity" vid="58F450CE-B8DD-D6E0-061D-298F8D7B74C8">
<hideElementsInCurrentOnly>false</hideElementsInCurrentOnly>
<bounds x="24" y="25" width="233" height="97"/>
</OView>
<OView class="oracle.dbtools.crest.swingui.logical.TVEntity" oid="85944066-0EEA-8F4C-FDA7-2111AB550550" otype="Entity" vid="06713895-7EF8-B25F-51D2-58FF784B0B50">
<hideElementsInCurrentOnly>false</hideElementsInCurrentOnly>
<bounds x="283" y="26" width="248" height="144"/>
</OView>
</objectViews>
<connectors>
<Connector class="oracle.dbtools.crest.swingui.logical.TVRelation" oid="C7748274-C6A9-02A6-E639-F9B20C529BAF" otype="Relation" vid_source="06713895-7EF8-B25F-51D2-58FF784B0B50" vid_target="B3CEA217-B46F-84FF-DCC0-D66C4C3F34A1">
<hideElementsInCurrentOnly>false</hideElementsInCurrentOnly>
<backgroundColor>-16777216</backgroundColor>
<lineWidth>1</lineWidth>
<points>
<point x="345" y="170"/>
<point x="345" y="218"/>
</points>
</Connector>
<Connector class="oracle.dbtools.crest.swingui.logical.TVRelation" oid="F29D69D4-A674-05B4-D18A-8B5C3850D1C9" otype="Relation" vid_source="58F450CE-B8DD-D6E0-061D-298F8D7B74C8" vid_target="B3CEA217-B46F-84FF-DCC0-D66C4C3F34A1">
<hideElementsInCurrentOnly>false</hideElementsInCurrentOnly>
<backgroundColor>-16777216</backgroundColor>
<lineWidth>1</lineWidth>
<points>
<point x="183" y="122"/>
<point x="183" y="218"/>
</points>
</Connector>
</connectors>
<displays>
<Display class="oracle.dbtools.crest.swingui.logical.DPVLogical" name="Display_1" id="4588A4E3-2D1A-065F-53C4-7C75755712E4">
<createdBy>Alex</createdBy>
<modifiedBy>Alex</modifiedBy>
<createdTime>2022-08-28 11:45:38 UTC</createdTime>
<autoRoute>false</autoRoute>
<boxInbox>true</boxInbox>
<showLegend>false</showLegend>
<showLabels>false</showLabels>
<showRelAttributes>false</showRelAttributes>
<gridEnabled>false</gridEnabled>
<showGrid>false</showGrid>
<diagramColor>-1</diagramColor>
<display>true</display>
<notation>1</notation>
<objectViews>
<OView class="oracle.dbtools.crest.swingui.logical.TVEntity" oid="1D2EC817-7CB9-33C0-C6AB-103276C7AC1C" otype="Entity" vid="AE4CD127-0C34-90F8-9D85-7C92A76759C1">
<hideElementsInCurrentOnly>false</hideElementsInCurrentOnly>
<bounds x="70" y="90" width="170" height="110"/>
</OView>
<OView class="oracle.dbtools.crest.swingui.logical.TVEntity" oid="5DA9BC2E-47BD-8EB5-DE8F-6ED4AE89AC1D" otype="Entity" vid="31347DA2-23B8-0204-9098-EDE1617A74AB">
<hideElementsInCurrentOnly>false</hideElementsInCurrentOnly>
<bounds x="50" y="50" width="170" height="110"/>
</OView>
<OView class="oracle.dbtools.crest.swingui.logical.TVEntity" oid="85944066-0EEA-8F4C-FDA7-2111AB550550" otype="Entity" vid="B606D542-C3F9-1590-FEA6-41B4C81EA5C5">
<hideElementsInCurrentOnly>false</hideElementsInCurrentOnly>
<bounds x="60" y="70" width="170" height="110"/>
</OView>
</objectViews>
<connectors>
<Connector class="oracle.dbtools.crest.swingui.logical.TVRelation" oid="C7748274-C6A9-02A6-E639-F9B20C529BAF" otype="Relation" vid_source="B606D542-C3F9-1590-FEA6-41B4C81EA5C5" vid_target="AE4CD127-0C34-90F8-9D85-7C92A76759C1">
<hideElementsInCurrentOnly>false</hideElementsInCurrentOnly>
<backgroundColor>-16777216</backgroundColor>
<lineWidth>1</lineWidth>
<points>
<point x="230" y="135"/>
<point x="70" y="135"/>
</points>
</Connector>
<Connector class="oracle.dbtools.crest.swingui.logical.TVRelation" oid="F29D69D4-A674-05B4-D18A-8B5C3850D1C9" otype="Relation" vid_source="31347DA2-23B8-0204-9098-EDE1617A74AB" vid_target="AE4CD127-0C34-90F8-9D85-7C92A76759C1">
<hideElementsInCurrentOnly>false</hideElementsInCurrentOnly>
<backgroundColor>-16777216</backgroundColor>
<lineWidth>1</lineWidth>
<points>
<point x="220" y="125"/>
<point x="70" y="125"/>
</points>
</Connector>
</connectors>
</Display>
</displays>
</Diagram>