<?xml version = '1.0' encoding = 'UTF-8'?>
<Relation class="oracle.dbtools.crest.model.design.logical.Relation" name="Relation_2" directorySegmentName="seg_0" id="C7748274-C6A9-02A6-E639-F9B20C529BAF">
<createdBy>Alex</createdBy>
<createdTime>2022-08-28 12:56:26 UTC</createdTime>
<ownerDesignName>БД_1</ownerDesignName>
<engineerTo>
<item key="29D037D6-1B7C-C857-4914-E7DD439665CD" value="true"/>
</engineerTo>
<sourcePk>D628FDF0-9389-AD0B-C8A3-BE85179A7164</sourcePk>
<identifying>false</identifying>
<optionalSource>true</optionalSource>
<optionalTarget>false</optionalTarget>
<sourceCardinality>1</sourceCardinality>
<sourceEntity>85944066-0EEA-8F4C-FDA7-2111AB550550</sourceEntity>
<targetCardinalityString>*</targetCardinalityString>
<targetEntity>1D2EC817-7CB9-33C0-C6AB-103276C7AC1C</targetEntity>
<transferable>true</transferable>
<deleteRule>NO ACTION</deleteRule>
</Relation>