<?xml version = '1.0' encoding = 'UTF-8'?>
<Relation class="oracle.dbtools.crest.model.design.logical.Relation" name="Relation_1" directorySegmentName="seg_0" id="F29D69D4-A674-05B4-D18A-8B5C3850D1C9">
<createdBy>Alex</createdBy>
<createdTime>2022-08-28 12:56:07 UTC</createdTime>
<ownerDesignName>БД_1</ownerDesignName>
<engineerTo>
<item key="29D037D6-1B7C-C857-4914-E7DD439665CD" value="true"/>
</engineerTo>
<sourcePk>2AC87DB8-540D-EE2E-77E2-DA4AFA7CBA3D</sourcePk>
<identifying>false</identifying>
<optionalSource>true</optionalSource>
<optionalTarget>false</optionalTarget>
<sourceCardinality>1</sourceCardinality>
<sourceEntity>5DA9BC2E-47BD-8EB5-DE8F-6ED4AE89AC1D</sourceEntity>
<targetCardinalityString>*</targetCardinalityString>
<targetEntity>1D2EC817-7CB9-33C0-C6AB-103276C7AC1C</targetEntity>
<transferable>true</transferable>
<deleteRule>NO ACTION</deleteRule>
</Relation>