<?xml version = '1.0' encoding = 'UTF-8'?>
<Entity class="oracle.dbtools.crest.model.design.logical.Entity" directorySegmentName="seg_0" id="1D2EC817-7CB9-33C0-C6AB-103276C7AC1C" name="tranzactions">
<createdBy>Alex</createdBy>
<createdTime>2022-08-28 12:37:05 UTC</createdTime>
<ownerDesignName>БД_1</ownerDesignName>
<engineerTo>
<item key="29D037D6-1B7C-C857-4914-E7DD439665CD" value="true"/>
</engineerTo>
<adequatelyNormalized>NO</adequatelyNormalized>
<expectedVolumes>0</expectedVolumes>
<fwdEngineeringStrategyName>Single Table</fwdEngineeringStrategyName>
<growthPercent>0</growthPercent>
<growthType>Year</growthType>
<maxVolumes>9999999</maxVolumes>
<minVolumes>0</minVolumes>
<normalForm>Third</normalForm>
<attributes itemClass="oracle.dbtools.crest.model.design.logical.Attribute">
<Attribute name="id_tranzaction" id="DCF51B72-B8FD-A35A-FD89-5FD81B6A90C4">
<createdBy>Alex</createdBy>
<createdTime>2022-08-28 12:37:42 UTC</createdTime>
<ownerDesignName>БД_1</ownerDesignName>
<engineerTo>
<item key="29D037D6-1B7C-C857-4914-E7DD439665CD" value="true"/>
</engineerTo>
<useDomainConstraints>false</useDomainConstraints>
<use>1</use>
<logicalDatatype>LOGDT027</logicalDatatype>
<ownDataTypeParameters>,,</ownDataTypeParameters>
</Attribute>
<Attribute name="list_orginization" id="6794562F-6B8A-D23D-C6E9-67E9181FA36C">
<createdBy>Alex</createdBy>
<createdTime>2022-08-28 12:41:29 UTC</createdTime>
<ownerDesignName>БД_1</ownerDesignName>
<engineerTo>
<item key="29D037D6-1B7C-C857-4914-E7DD439665CD" value="true"/>
</engineerTo>
<use>0</use>
<logicalDatatype>LOGDT027</logicalDatatype>
<domain>0DE20C15-41D7-74F9-24BE-78355657C53D</domain>
<ownDataTypeParameters>,,</ownDataTypeParameters>
</Attribute>
<Attribute name="list_keys" id="DC2CE518-CF29-2128-3F7A-992E7BD28CCF">
<createdBy>Alex</createdBy>
<createdTime>2022-08-28 12:43:24 UTC</createdTime>
<ownerDesignName>БД_1</ownerDesignName>
<engineerTo>
<item key="29D037D6-1B7C-C857-4914-E7DD439665CD" value="true"/>
</engineerTo>
<use>0</use>
<logicalDatatype>LOGDT027</logicalDatatype>
<domain>8C37B3FD-CD5C-9FC8-3B6D-A8F75FF22B91</domain>
<ownDataTypeParameters>,,</ownDataTypeParameters>
</Attribute>
<Attribute name="list_keys_for_organization" id="EF1D1BC7-62C0-586C-CF83-696372B2815F">
<createdBy>Alex</createdBy>
<createdTime>2022-08-28 12:44:33 UTC</createdTime>
<ownerDesignName>БД_1</ownerDesignName>
<engineerTo>
<item key="29D037D6-1B7C-C857-4914-E7DD439665CD" value="true"/>
</engineerTo>
<use>0</use>
<logicalDatatype>LOGDT027</logicalDatatype>
<domain>0DE20C15-41D7-74F9-24BE-78355657C53D</domain>
<ownDataTypeParameters>,,</ownDataTypeParameters>
</Attribute>
<Attribute name="list_key" id="0A6C1F7F-7C20-9D51-2F70-BA9395126F56">
<createdBy>Alex</createdBy>
<createdTime>2022-08-28 12:46:08 UTC</createdTime>
<ownerDesignName>БД_1</ownerDesignName>
<engineerTo>
<item key="29D037D6-1B7C-C857-4914-E7DD439665CD" value="true"/>
</engineerTo>
<use>0</use>
<logicalDatatype>LOGDT027</logicalDatatype>
<domain>6AA14A15-4279-6D91-D0BA-D9CC77E10C88</domain>
<ownDataTypeParameters>,,</ownDataTypeParameters>
</Attribute>
<Attribute name="id" id="EB42C4E7-57F4-2675-4000-24F0E4EC5D57">
<createdBy>Alex</createdBy>
<createdTime>2022-08-28 12:56:07 UTC</createdTime>
<generatorID>F29D69D4-A674-05B4-D18A-8B5C3850D1C9</generatorID>
<ownerDesignName>БД_1</ownerDesignName>
<engineerTo>
<item key="29D037D6-1B7C-C857-4914-E7DD439665CD" value="true"/>
</engineerTo>
<referedAttribute>0D20E87A-D084-7E7F-D8A5-5E3B846F29E2</referedAttribute>
<use>0</use>
<logicalDatatype>LOGDT027</logicalDatatype>
<domain>0DE20C15-41D7-74F9-24BE-78355657C53D</domain>
<ownDataTypeParameters>,,</ownDataTypeParameters>
</Attribute>
<Attribute name="id1" id="FD111CCA-AC11-1A38-3175-6B93ABB05AF0">
<createdBy>Alex</createdBy>
<createdTime>2022-08-28 12:56:26 UTC</createdTime>
<generatorID>C7748274-C6A9-02A6-E639-F9B20C529BAF</generatorID>
<ownerDesignName>БД_1</ownerDesignName>
<engineerTo>
<item key="29D037D6-1B7C-C857-4914-E7DD439665CD" value="true"/>
</engineerTo>
<referedAttribute>FD3FC8C5-F148-D326-44AE-87D9690000E1</referedAttribute>
<use>0</use>
<logicalDatatype>LOGDT027</logicalDatatype>
<domain>8C37B3FD-CD5C-9FC8-3B6D-A8F75FF22B91</domain>
<ownDataTypeParameters>,,</ownDataTypeParameters>
</Attribute>
</attributes>
<identifiers itemClass="oracle.dbtools.crest.model.design.logical.CandidateKey">
<identifier id="7F3BE497-245B-40EB-AC83-8513A0F65FCF" name="tranzactions PK">
<createdBy>Alex</createdBy>
<createdTime>2022-08-28 12:55:13 UTC</createdTime>
<ownerDesignName>БД_1</ownerDesignName>
<engineerTo>
<item key="29D037D6-1B7C-C857-4914-E7DD439665CD" value="true"/>
</engineerTo>
<pk>true</pk>
<usedAttributes>
<attributeRef>DCF51B72-B8FD-A35A-FD89-5FD81B6A90C4</attributeRef>
</usedAttributes>
</identifier>
</identifiers>
</Entity>