<?xml version = '1.0' encoding = 'UTF-8'?>
<Entity class="oracle.dbtools.crest.model.design.logical.Entity" directorySegmentName="seg_0" id="5DA9BC2E-47BD-8EB5-DE8F-6ED4AE89AC1D" name="наименование организации">
<createdBy>Alex</createdBy>
<createdTime>2022-08-28 11:57:29 UTC</createdTime>
<ownerDesignName>БД_1</ownerDesignName>
<engineerTo>
<item key="29D037D6-1B7C-C857-4914-E7DD439665CD" value="true"/>
</engineerTo>
<adequatelyNormalized>NO</adequatelyNormalized>
<expectedVolumes>0</expectedVolumes>
<fwdEngineeringStrategyName>Single Table</fwdEngineeringStrategyName>
<growthPercent>0</growthPercent>
<growthType>Year</growthType>
<maxVolumes>9999999</maxVolumes>
<minVolumes>0</minVolumes>
<normalForm>Third</normalForm>
<attributes itemClass="oracle.dbtools.crest.model.design.logical.Attribute">
<Attribute name="id" id="0D20E87A-D084-7E7F-D8A5-5E3B846F29E2">
<createdBy>Alex</createdBy>
<createdTime>2022-08-28 12:01:19 UTC</createdTime>
<ownerDesignName>БД_1</ownerDesignName>
<engineerTo>
<item key="29D037D6-1B7C-C857-4914-E7DD439665CD" value="true"/>
</engineerTo>
<useDomainConstraints>false</useDomainConstraints>
<use>1</use>
<logicalDatatype>LOGDT027</logicalDatatype>
<ownDataTypeParameters>,,</ownDataTypeParameters>
</Attribute>
<Attribute name="name_organization" id="A018FF31-24D6-2E11-C587-6765AEA218E0">
<createdBy>Alex</createdBy>
<createdTime>2022-08-28 12:01:44 UTC</createdTime>
<comment> - Наименование организации</comment>
<ownerDesignName>БД_1</ownerDesignName>
<engineerTo>
<item key="29D037D6-1B7C-C857-4914-E7DD439665CD" value="true"/>
</engineerTo>
<useDomainConstraints>false</useDomainConstraints>
<use>1</use>
<logicalDatatype>LOGDT024</logicalDatatype>
<dataTypeSize>100</dataTypeSize>
<ownDataTypeParameters>100,,</ownDataTypeParameters>
</Attribute>
</attributes>
<identifiers itemClass="oracle.dbtools.crest.model.design.logical.CandidateKey">
<identifier id="2AC87DB8-540D-EE2E-77E2-DA4AFA7CBA3D" name="наименование организации PK">
<createdBy>Alex</createdBy>
<createdTime>2022-08-28 12:10:59 UTC</createdTime>
<ownerDesignName>БД_1</ownerDesignName>
<engineerTo>
<item key="29D037D6-1B7C-C857-4914-E7DD439665CD" value="true"/>
</engineerTo>
<pk>true</pk>
<usedAttributes>
<attributeRef>0D20E87A-D084-7E7F-D8A5-5E3B846F29E2</attributeRef>
</usedAttributes>
</identifier>
</identifiers>
</Entity>