<?xml version = '1.0' encoding = 'UTF-8'?>
<Entity class="oracle.dbtools.crest.model.design.logical.Entity" directorySegmentName="seg_0" id="85944066-0EEA-8F4C-FDA7-2111AB550550" name="информация о ключах">
<createdBy>Alex</createdBy>
<createdTime>2022-08-28 12:04:08 UTC</createdTime>
<ownerDesignName>БД_1</ownerDesignName>
<engineerTo>
<item key="29D037D6-1B7C-C857-4914-E7DD439665CD" value="true"/>
</engineerTo>
<adequatelyNormalized>NO</adequatelyNormalized>
<expectedVolumes>0</expectedVolumes>
<fwdEngineeringStrategyName>Single Table</fwdEngineeringStrategyName>
<growthPercent>0</growthPercent>
<growthType>Year</growthType>
<maxVolumes>9999999</maxVolumes>
<minVolumes>0</minVolumes>
<normalForm>Third</normalForm>
<attributes itemClass="oracle.dbtools.crest.model.design.logical.Attribute">
<Attribute name="id1" id="FD3FC8C5-F148-D326-44AE-87D9690000E1">
<createdBy>Alex</createdBy>
<createdTime>2022-08-28 12:05:14 UTC</createdTime>
<ownerDesignName>БД_1</ownerDesignName>
<engineerTo>
<item key="29D037D6-1B7C-C857-4914-E7DD439665CD" value="true"/>
</engineerTo>
<useDomainConstraints>false</useDomainConstraints>
<use>1</use>
<logicalDatatype>LOGDT027</logicalDatatype>
<ownDataTypeParameters>,,</ownDataTypeParameters>
</Attribute>
<Attribute name="key" id="FDEFCB93-8298-01BD-81B1-54BB796E3470">
<createdBy>Alex</createdBy>
<createdTime>2022-08-28 12:05:48 UTC</createdTime>
<ownerDesignName>БД_1</ownerDesignName>
<engineerTo>
<item key="29D037D6-1B7C-C857-4914-E7DD439665CD" value="true"/>
</engineerTo>
<useDomainConstraints>false</useDomainConstraints>
<use>1</use>
<logicalDatatype>LOGDT027</logicalDatatype>
<ownDataTypeParameters>,,</ownDataTypeParameters>
</Attribute>
<Attribute name="date_start" id="2217DC67-5169-55C0-1159-D5B6274E0416">
<createdBy>Alex</createdBy>
<createdTime>2022-08-28 12:06:55 UTC</createdTime>
<comment>- дата начала действия</comment>
<ownerDesignName>БД_1</ownerDesignName>
<engineerTo>
<item key="29D037D6-1B7C-C857-4914-E7DD439665CD" value="true"/>
</engineerTo>
<useDomainConstraints>false</useDomainConstraints>
<use>1</use>
<logicalDatatype>LOGDT008</logicalDatatype>
<ownDataTypeParameters>,,</ownDataTypeParameters>
</Attribute>
<Attribute name="date_finish" id="F2818BEF-F9AB-A44C-5A93-996A42E48C8F">
<createdBy>Alex</createdBy>
<createdTime>2022-08-28 12:07:10 UTC</createdTime>
<comment>- дата окончания  действия</comment>
<ownerDesignName>БД_1</ownerDesignName>
<engineerTo>
<item key="29D037D6-1B7C-C857-4914-E7DD439665CD" value="true"/>
</engineerTo>
<useDomainConstraints>false</useDomainConstraints>
<use>1</use>
<logicalDatatype>LOGDT008</logicalDatatype>
<ownDataTypeParameters>,,</ownDataTypeParameters>
</Attribute>
<Attribute name="ide_organization" id="5590D6DE-BB56-FABE-E2B7-9363C36841B0">
<createdBy>Alex</createdBy>
<createdTime>2022-08-28 12:07:55 UTC</createdTime>
<ownerDesignName>БД_1</ownerDesignName>
<engineerTo>
<item key="29D037D6-1B7C-C857-4914-E7DD439665CD" value="true"/>
</engineerTo>
<useDomainConstraints>false</useDomainConstraints>
<use>1</use>
<logicalDatatype>LOGDT027</logicalDatatype>
<ownDataTypeParameters>,,</ownDataTypeParameters>
</Attribute>
<Attribute name="indication_bloking" id="77D7B8C9-6276-F901-F5E6-E14307983CBE">
<createdBy>Alex</createdBy>
<createdTime>2022-08-28 12:08:31 UTC</createdTime>
<ownerDesignName>БД_1</ownerDesignName>
<engineerTo>
<item key="29D037D6-1B7C-C857-4914-E7DD439665CD" value="true"/>
</engineerTo>
<useDomainConstraints>false</useDomainConstraints>
<use>1</use>
<logicalDatatype>LOGDT027</logicalDatatype>
<ownDataTypeParameters>,,</ownDataTypeParameters>
</Attribute>
</attributes>
<identifiers itemClass="oracle.dbtools.crest.model.design.logical.CandidateKey">
<identifier id="D628FDF0-9389-AD0B-C8A3-BE85179A7164" name="информация о ключах PK">
<createdBy>Alex</createdBy>
<createdTime>2022-08-28 12:11:18 UTC</createdTime>
<ownerDesignName>БД_1</ownerDesignName>
<engineerTo>
<item key="29D037D6-1B7C-C857-4914-E7DD439665CD" value="true"/>
</engineerTo>
<pk>true</pk>
<usedAttributes>
<attributeRef>FD3FC8C5-F148-D326-44AE-87D9690000E1</attributeRef>
</usedAttributes>
</identifier>
</identifiers>
</Entity>